{
    "context": "client",
    "identifier": "com.pa.areslord.maps",
    "display_name": "ARESLORD's Map Pack",
    "description": "Exotic planets made for teamgames, 3v3, 4v4 or 5v5. Symmetrical and balanced. Also contains weird maps like a flat map and a maze map  [ 'NS' in the planet / system names stands for 'non shared' / 'unshared' ].  HF!",
    "author": "ARESLORD",
    "version": "1.61.2",
    "build": "113426",
    "date": "2022/05/23",
    "signature": "not yet implemented",
    "forum": "https://github.com/ATLASLORD/Exotic-Map-pack",
    "icon": "https://imgur.com/w44G1cZ.jpg",
    "category": [
        "maps"
    ],
    "load_planet": [
        "coui://ui/mods/areslord/maps.js"
    ],
    "searchable": [
        "areslord",
        "exotic",
        "map",
        "pack",
        "maps",
        "systems",
        "system",
        "planet", 
        "4v4", 
        "5v5", 
        "team"
    ],
    "priority": 100,
    "enabled": true,
    "dependencies": [
        "com.pa.conundrum.cShareSystems",
        "com.pa.grandhomie.simplebiomes.server"
    ]
}
